{
   "entity_sounds" : {
      "entities" : {
         "creeper" : {
            "events" : {
               "death" : "mob.creeper.death",
               "fuse" : {
                  "pitch" : 1,
                  "sound" : "random.cfuse",
                  "volume" : 1.0
               },
               "hurt" : "mob.creeper.say"
            },
            "pitch" : 1,
            "volume" : 1.0
         },
         "parrot" : {
            "events" : {
               "imitate.creeper" : {
                  "pitch" : 1.80,
                  "sound" : "random.cfuse",
                  "volume" : 0.60
               }
            }
         }
      }
   }
}
