{
   "format_version" : "1.14.0",
   "sound_definitions" : {
      "mob.creeper.death" : {
         "__use_legacy_max_distance" : "true",
         "category" : "hostile",
         "sounds" : [ "sounds/mob/creeper/death" ]
      },
      "mob.creeper.say" : {
         "__use_legacy_max_distance" : "true",
         "category" : "hostile",
         "sounds" : [
            {
               "load_on_low_memory" : true,
               "name" : "sounds/mob/creeper/say1"
            },
            "sounds/mob/creeper/say2",
            "sounds/mob/creeper/say3",
            "sounds/mob/creeper/say4"
         ]
      },
      "random.fuse" : {
         "__use_legacy_max_distance" : "true",
         "category" : "block",
         "sounds" : [
            {
               "load_on_low_memory" : true,
               "name" : "sounds/random/fuse"
            }
         ]
      },
      "random.cfuse" : {
         "__use_legacy_max_distance" : "true",
         "category" : "block",
         "sounds" : [
            {
               "load_on_low_memory" : true,
               "name" : "sounds/random/cfuse"
            }
         ]
      }
   }
}
